Enlace;ID;Sitio;ultima IP;IP;Mask;
Jayaque > Lourdes;#N/D;JAYAQUE;172.17.1.14;172.17.1.1;255.255.255.240;
;390406;LOURDES;172.16.1.254;172.16.1.2;255.255.255.0;
Taquillo 1 >  Jayaque;390457;TAQUILLO 1;172.17.1.22;172.17.1.17;255.255.255.248;
;#N/D;JAYAQUE;172.17.1.14;172.17.1.2;255.255.255.240;
Taquillo 2 > Taquillo 1;#N/D;Taquillo 2;172.17.0.18;172.17.0.17;255.255.255.252;
;390457;Taquillo 1;172.17.1.22;172.17.1.18;255.255.255.248;
La Caba¤a 2 > Aguilares;#N/D;La Caba¤a 2;172.17.16.142;172.17.16.141;255.255.255.252;
;391572;Aguilares;172.17.17.254;172.17.17.41;255.255.255.0;
Taquillo 3 >  Taquillo 1;390480;Taquillo 3;172.17.0.26;172.17.0.25;255.255.255.252;
;390457;Taquillo 1;172.17.1.22;172.17.1.19;255.255.255.248;
Tunel 4 > Jayaque;#N/D;Tunel 4 ;172.17.0.34;172.17.0.33;255.255.255.252;
;390451;Jayaque 2;172.17.1.14;172.17.1.3 ;255.255.255.240;
Decameron > Acajutla;390837;Decameron;172.17.8.2;172.17.8.1;255.255.255.252;
;390803;Acajutla;172.16.3.254;172.16.3.31;255.255.255.0;
Santa B rbara > Cerro Pacho;391035;SANTA BARBARA;172.17.4.6;172.17.4.5;255.255.255.252;
;391043;Cerro Pacho;172.16.2.254;172.16.2.3;255.255.255.0;
Nueva Concepci¢n > Cerro Pacho;391001;Nueva Concepcion;172.17.4.2;172.17.4.1;255.255.255.252;
;391043;Cerro Pacho;172.16.2.254;172.16.2.2;255.255.255.0;
Torrecillas > El Delirio;3970011;cerro Torrecillas;172.17.53.30;172.17.53.1;255.255.255.224;
;390610;El Delirio;172.16.14.254;172.16.14.2;255.255.255.0;
Santa Rosa de Lima > Torrecillas;391402;Santa Rosa de Lima;172.17.53.70;172.17.53.65;255.255.255.248;
;3970011;cerro Torrecillas;172.17.53.30;172.17.53.2;255.255.255.224;
Santa Rosa de Lima 3 > Santa Rosa de Lilma;391455;Santa Rosa de Lima 3;172.17.52.2;172.17.52.1;255.255.255.252;
;391402;Santa Rosa de Lima;172.17.53.70;172.17.53.66;255.255.255.248;
La Uni¢n > Cerro Conchagua;391401;La Union;172.17.37.14;172.17.37.1;255.255.255.240;
;391458;Cerro Conchagua;172.16.10.254;172.16.10.2;255.255.255.0;
Cant¢n el mogotillo > La Uni¢n;391432;Canton el mogotillo;172.17.36.2;172.17.36.1;255.255.255.252;
;391401;La Union;172.17.37.14;172.17.37.2;255.255.255.240;
Sol y Mar > Vistamar;#N/D;Sol y Mar ;172.17.0.38;172.17.0.37;255.255.255.252;
;#N/D;Vista mar;172.17.1.62;172.17.1.34;255.255.255.224;
Huiz£car Carretera >  El Chulo 2;#N/D; Huiz£car Carretera;172.17.0.42;172.17.0.41;255.255.255.252;
;#N/D; El Chulo 2;172.16.1.254;172.16.1.4;255.255.255.0;
Kilo_5  2 > Sonsonate 1;#N/D;Kilo_5  2 ;172.17.8.6;172.17.8.5;255.255.255.252;
;390801;Sonsonate i;172.16.3.254;172.16.3.2;255.255.255.0;
Santiago La Frontera > San Antonio Pajonal;#N/D;Santiago La Frontera;172.17.4.10;172.17.4.9;255.255.255.252;
;#N/D;San Antonio Pajonal;172.17.5.22;172.17.5.18;255.255.255.248;
Nuevo Cuscatl n > El Chulo 2;390436;Nuevo Cuscatlan;172.17.0.46;172.17.0.45;255.255.255.252;
;#N/D;El Chulo 2;172.16.1.254;172.16.1.5;255.255.255.0;
San Francisco Gotera > San Miguel 3;#N/D;San Francisco Gotera ;172.17.53.62;172.17.53.33;255.255.255.224;
;390603;San Miguel iii;172.16.14.254;172.16.14.3;255.255.255.0;
Nodo Gotera > San Francisco Gotera;391399;Nodo Gotera;172.17.52.6;172.17.52.5;255.255.255.252;
;391301;San Francisco Gotera;172.17.53.62;172.17.53.34;255.255.255.224;
San Luis La Herradura > Costa del sol 2;390227;San Luis La Herradura;172.17.0.50;172.17.0.49;255.255.255.252;
;390207;Costa del sol ii;172.17.1.30;172.17.1.26;255.255.255.248;
San Marcelino > Costa del Sol 2 ;390242;San Marcelino;172.17.0.54;172.17.0.53;255.255.255.252;
;390207;Costa del Sol ii;172.17.1.30;172.17.1.27;255.255.255.248;
Panchimalco > El Chulo 2;391605;Panchimalco;172.17.0.58;172.17.0.57;255.255.255.252;
;#N/D;El Chulo 2;172.16.1.254;172.16.1.6;255.255.255.0;
Buenos Aires >  Jayaque;390462;Buenos Aires;172.17.0.62;172.17.0.61;255.255.255.252;
;#N/D;Jayaque;172.17.1.14;172.17.1.4;255.255.255.240;
Santiago Nonualco > Aeropuerto;390221;Santiago Nonualco;172.17.0.66;172.17.0.65;255.255.255.252;
;390204;Aeropuerto;172.16.1.254;172.16.1.43;255.255.255.0;
Santiago de Mar¡a > Lolotique;391205;Santiago de Maria;172.17.53.94;172.17.53.81;255.255.255.240;
;390604;Lolotique;172.53.53.126;172.17.53.98;255.255.255.224;
Tejutla > Aguilares;391004;Tejutla;172.17.16.2;172.17.16.1;255.255.255.252;
;391572;Aguilares;172.17.17.254;172.17.17.33;255.255.255.0;
Tepetit n > Cerro Grande;391106;Tepetitan;172.17.32.42;172.17.32.41;255.255.255.252;
;391102;Cerro Grande;172.16.9.254;172.16.9.11;255.255.255.0;
Perqu¡n > Cacahuatique;391307;Perquin;172.17.53.190;172.17.53.161;255.255.255.224;
;3970003;cerro Cacahuatique;172.17.53.158;172.17.53.130;255.255.255.224;
Los Terreritos > Nueva Esparta;391447;Los Terreritos;172.17.52.26;172.17.52.25;255.255.255.252;
;391410;Nueva Esparta;172.17.53.222;172.17.53.194;255.255.255.224;
Nueva Esparta 2 > Nueva Esparta;391448;Nueva Esparta 2;172.17.52.30;172.17.52.29;255.255.255.252;
;391410;Nueva Esparta;172.17.53.222;172.17.53.195;255.255.255.224;
Poloros > Nueva Esparta;391453;Poloros;172.17.52.34;172.17.52.33;255.255.255.252;
;391410;Nueva Esparta;172.17.53.222;172.17.53.196;255.255.255.224;
Nueva Esparta > Torrecillas;391410;Nueva Esparta;172.17.53.222;172.17.53.193;255.255.255.224;
;3970011;cerro Torrecillas;172.17.53.30;172.17.53.3;255.255.255.224;
Miramar 2 > Zaragoza;390460;Miramar 2;172.17.0.70;172.17.0.69;255.255.255.252;
;390413;Zaragoza;172.16.1.254;172.16.1.7;255.255.255.0;
El Chile > Zacatecoluca;390248;El Chile;172.17.28.2;172.17.28.1;255.255.255.252;
;390201;Zacatecoluca;172.16.8.254;172.16.8.2;255.255.255.0;
Los Mogotes > Tacachico;390751;Los Mogotes;172.17.4.14;172.17.4.13;255.255.255.252;
;390416;Tacachico;172.17.5.30;172.17.5.26;255.255.255.248;
Tacachico > Cerro Pacho;390416;Tacachico;172.17.5.30;172.17.5.25;255.255.255.248;
;391043;Cerro Pacho;172.16.2.254;172.16.2.4;255.255.255.0;
Santa Maria Ostuma > Cojutepeque;390247;Santa Maria Ostuma;172.17.16.10;172.17.16.9;255.555.255.252;
;390302;Cojutepeque;172.16.5.254;172.16.5.3;255.255.255.0;
Para¡so de Osorio > Cojutepeque;390253;Paraiso de Osorio;172.17.16.14;172.17.16.13;255.255.255.252;
;390302;Cojutepeque;172.16.5.254;172.16.5.4;255.255.255.0;
San Jacinto Coatepeque > El Faro;390758;San Jacinto Coatepeque;172.17.4.18;172.17.4.17;255.255.255.252;
;390703;El Faro;172.16.2.254;172.16.2.9;255.255.255.0;
Guadalupe LZ > Costa del sol 3;390252;Guadalupe LZ;172.17.28.6;172.17.28.5;255.255.255.252;
;390208;Costa del sol iii;172.17.29.30;172.17.29.2;255.255.255.240;
Potos¡ > Cacahuatique;#N/D;Potosi;172.17.52.42;172.17.52.41;255.255.255.252;
;3970003;cerro Cacahuatique;172.17.53.158;172.17.53.131;255.255.255.224;
Pasaquina 2 > Pasaquina ;391450;Pasaquina 2;172.17.36.6;172.17.36.5;255.255.255.252;
;391404;Pasaquina;172.17.37.30;172.17.37.18;255.255.255.240;
Longitudinal 18 > Cacahuatique;391325;Longitudinal 18;172.17.52.46;172.17.52.45;255.255.255.252;
;3970003;Cerro Cacahuatique;172.17.53.158;172.17.53.132;255.255.255.224;
Chilanguera > Jucuar n;#N/D;Chilanguera;172.17.36.10;172.17.36.9;255.255.255.252;
;391214;Jucuaran;172.17.37.110;172.17.37.99;255.255.255.240;
Quinta Dorada > El Chulo 2;391679;Quinta Dorada;172.17.0.73;172.17.0.73;255.255.255.252;
;#N/D;El Chulo 2;172.16.1.254;172.16.1.8;255.255.255.0;
Atami > Vista mar;390459;Atami;172.17.0.78;172.17.0.77;255.255.255.252;
;#N/D;Vista mar;172.17.1.62;172.17.1.35;255.255.255.224;
San Mart¡n 3 > San Mart¡n;#N/D;San Mart¡n 3;172.17.24.2;172.17.24.1;255.255.255.252;
;#N/D;San Mart¡n;172.16.7.254;172.16.7.2;255.255.255.0;
El Porvenir 2 > Cojutepeque;390322;El Porvenir 2;172.17.16.18;172.17.16.17;255.255.255.252;
;390302;Cojutepeque;172.16.5.254;172.16.5.5;255.255.255.0;
San Rafael Obrajuelo > Zacatecoluca;#N/D;San Rafael Obrajuelo;172.17.28.10;172.17.28.9;255.255.255.252;
;390201;Zacatecoluca;172.16.8.254;172.16.8.3;255.255.255.0;
El Cuco > Cerro Conchagua;390611;El Cuco;172.16.10.38;172.17.37.33;255.255.255.240;
;391458;Cerro Conchagua;172.16.10.254;172.16.10.4;255.255.255.0;
El Tamarindo > Cerro Conchagua;391405;El Tamarindo;172.17.37.94;172.17.37.81;255.255.255.240;
;391458;Cerro Conchagua;172.16.10.254;172.16.10.5;255.255.255.0;
El Cuco 2 > El Cuco ;#N/D;El Cuco 2;172.17.36.14;172.17.36.13;255.255.255.252;
;390611;El Cuco;172.16.10.38;172.17.37.34;255.255.255.240;
El Tamarindo 2 > El Tamarindo ;391434;El Tamarindo 2;172.17.36.18;172.17.36.17;255.255.255.252;
;391405;EL Tamarindo;172.17.37.94;172.17.37.82;255.255.255.240;
Playas Negras > Tamarindo ;391428;Playas Negras;172.17.36.22;172.17.36.21;255.255.255.252;
;#N/D;Tamarindo;172.17.37.94;172.17.37.83;255.255.255.240;
Metap n 2 (Rep) > Metap n 1;#N/D;Metap n 2 (Rep);172.17.5.46;172.17.5.34;255.255.255.240;
;#N/D;Metap n 1;172.17.5.62;172.17.5.49;255.255.255.240;
Guazapa 2 > Aguilares;391661;Guazapa 2;172.17.16.134;172.17.16.133;255.255.255.252;
;391572;Aguilares;172.17.17.254;172.17.17.39;255.255.255.0;
Lolotique > Mercedes Uma¤a;390604;Lolotique;172.17.53.126;172.17.53.97;255.255.255.224;
;#N/D;Mercedes Uma¤a;172.16.14.254;172.16.14.4;255.255.255.0;
Nahuilingo > Sonsonate 1;390834;Nahuilingo;172.17.8.10;172.17.8.9;255.255.255.252;
;#N/D;Sonsonate 1;172.16.3.254;172.16.3.3;255.255.255.0;
Cant¢n el Zapotal > Los Hoyos;#N/D;Cant¢n el Zapotal;172.17.18.62;172.17.18.57;255.255.255.248;
;390517;Los Hoyos;172.17.18.13;172.17.18.2;255.255.255.240;
Potonico > Potonico Repetidor;391045;Potonico;172.17.16.26;172.17.16.25;255.255.255.252;
;#N/D;Potonico Repetidor;172.17.18.38;172.17.18.34;255.255.255.248;
Nombre de Jes£s > Los Hoyos;#N/D;Nombre de Jes£s ;172.17.18.110;172.17.18.105;255.255.255.248;
;390517;Los Hoyos;172.17.18.13;172.17.18.4;255.255.255.240;
Los Hoyos > Cojutepeque;390517;Los Hoyos;172.17.18.13;172.17.18.1;255.255.255.240;
;#N/D; Cojutepeque;172.16.5.254;172.16.5.6;255.255.255.0;
Metap n 2 (Rep) > El Faro;#N/D;Metap n 2 (Rep);172.17.5.62;172.17.5.33;255.255.255.240;
;390703;El Faro;172.16.2.254;172.16.2.10;255.255.255.0;
Cacahuatique > San Miguel 1;3970003;Cerro cacahuatique;172.17.53.158;172.17.53.129;255.255.255.224;
;#N/D;San Miguel 1;172.16.14.254;172.16.14.5;255.255.255.0;
Tecoluca 2 > Tecoluca;391124;Tecoluca 2;172.17.32.2;172.17.32.1;255.255.255.252;
;391107;Tecoluca;172.17.33.6;172.17.33.2;255.255.255.248;
La Estancia > Cacahuatique;391326;La Estancia;172.17.52.50;172.17.52.49;255.255.255.252;
;3970003;Cerro cacahuatique;172.17.53.158;172.17.53.133;255.255.255.224;
Sensuntepeque > Cojutepeque;390502;Sensuntepeque;172.17.18.30;172.17.18.17;255.255.255.240;
;390302;Cojutepeque;172.16.5.254;172.16.5.7;255.255.255.0;
Borrar;#N/D;Borrar;Borrar;Borrar;Borrar;
;#N/D;Borrar;Borrar;Borrar;Borrar;
Santa Anita > Lolotique;#N/D;Santa Anita ;172.17.52.58;172.17.52.57;255.255.255.252;
;390604;Lolotique;172.53.53.126;172.17.53.99;255.255.255.224;
AltaVistas Cto Commercial > IMSA;#N/D;AltaVistas Cto Commercial ;172.17.24.6;172.17.24.5;255.255.255.252;
;#N/D;IMSA;172.16.7.254;172.16.7.3;255.255.255.0;
La Quesadilla > El Ciprs;#N/D;La Quesadilla ;172.17.36.30;172.17.36.29;255.255.255.252;
;#N/D;El Ciprs;172.17.37.62;172.17.37.58;255.255.255.248;
Agua Caliente La Uni¢n > Cerro Conchagua;#N/D;Agua Caliente La Uni¢n;172.17.36.26;172.17.36.25;255.255.255.252;
;391458;Cerro Conchagua;172.16.10.254;172.16.10.6;255.255.255.0;
Caluco > Sonsonate 1;390835;Caluco;172.17.8.14;172.17.8.13;255.255.255.252;
;#N/D;Sonsonate 1;172.16.3.254;172.16.3.4;255.255.255.0;
Alegr¡a > Mercedes Uma¤a ;#N/D;Alegr¡a ;172.17.52.62;172.17.52.61;255.255.255.252;
;#N/D;Mercedes Uma¤a ;172.16.14.254;172.16.14.11;255.255.255.0;
Apastepeque Pueblo  > San Vicente;391112;Apastepeque Pueblo;172.17.32.6;172.17.32.5;255.255.255.252;
;391101;San Vicente;172.16.9.254;172.16.9.2;255.255.255.0;
Berl¡n > Mercedes Uma¤a;#N/D;Berl¡n;172.17.52.66;172.17.52.65;255.255.255.252;
;#N/D;Mercedes Uma¤a;172.16.14.254;172.16.14.12;255.255.255.0;
Chapeltique > El Sitio;390622;Chapeltique;172.17.52.70;172.17.52.69;255.255.255.252;
;390606;El Sitio;172.16.14.254;172.16.14.8;255.255.255.0;
Chinameca >  Lolotique ;390609;Chinameca;172.17.52.74;172.17.52.73;255.255.255.252;
;#N/D;Lolotique ;172.17.53.126;172.17.53.100;255.255.255.224;
El Tr nsito 2  > Usulutan ;#N/D;El Tr nsito 2;172.17.28.86;172.17.28.85;255.255.255.252;
;#N/D;Usulut n ;172.16.8.254;172.16.8.20;255.255.255.0;
Ereguayqu¡n  > Usulut n;#N/D;Ereguayqu¡n;172.17.28.90;172.17.28.89;255.255.255.252;
;#N/D;Usulut n;172.16.8.254;172.16.8.21;255.255.255.0;
Jerusalem > Cerro Grande;#N/D;Jerusalem ;172.17.32.9;172.17.32.9;255.255.255.252;
;391102;Cerro Grande;172.16.9.254;172.16.9.3;255.255.255.0;
Quelepa > El Sitio;390628;Quelepa;172.17.52.78;172.17.52.77;255.255.255.252;
;390606;El Sitio;172.16.14.254;172.16.14.9;255.255.255.0;
San Ildenfonso > Mercedes Uma¤a;#N/D;San Ildenfonso;172.17.52.82;172.17.52.81;255.255.255.252;
;#N/D;Mercedes Uma¤a;172.16.14.254;172.16.14.13;255.255.255.0;
San Sebastian San Vicente > Cerro Grande;#N/D;San Sebastian San Vicente;172.17.33.30;172.17.33.25;255.255.255.248;
;391102;Cerro Grande;172.16.9.254;172.16.9.4;255.255.255.0;
Tecoluca > La Ceibita;391107;Tecoluca;172.17.33.6;172.17.33.1;255.255.255.248;
;#N/D; La Ceibita;172.17.33.22;172.17.33.10;255.255.255.240;
El Riel > Carretera a la Libertad 2;390449;El Riel;172.17.0.238;172.17.0.237;255.255.255.252;
;#N/D;Carretera a la Libertad 2;172.16.1.254;172.16.1.51;255.255.255.0;
Yayantique > San Miguel 1;391415;Yayantique;172.17.56.6;172.17.56.5;255.255.255.252;
;#N/D;San Miguel 1;172.16.15.254;172.16.15.2;255.255.255.0;
Tejutepeque > Cojutepeque;390504;Tejutepeque;172.17.16.34;172.17.16.33;255.255.255.252;
;#N/D; Cojutepeque;172.16.5.254;172.16.5.8;255.255.255.0;
La Ceibita > San Vicente;391104;La Ceibita;172.17.33.22;172.17.33.9;255.255.255.240;
;391101;San Vicente;172.16.9.254;172.16.9.5;255.255.255.0;
Ayacachapa > Acajutla;390815;Ayacachapa;172.17.8.18;172.17.8.17;255.255.255.252;
;390803;Acajutla;172.16.3.254;172.16.3.9;255.255.255.0;
Aguilares 2 > Aguilares;391660;Aguilares 2;172.17.16.138;172.17.16.137;255.255.255.252;
;391572;Aguilares;172.17.17.254;172.17.17.40;255.255.255.0;
Desv¡o Cerro Verde (Los Lagartos) > San Juli n;#N/D;Desv¡o Cerro Verde (Los Lagartos);172.17.8.22;172.17.8.21;255.255.255.252;
;#N/D;San Juli n;172.16.3.254;172.16.3.8;255.255.255.0;
Carretera a Acajutla > Acajutla;390802;Carretera a Acajutla;172.17.8.26;172.17.8.25;255.255.255.252;
;390803;Acajutla;172.16.3.254;172.16.3.10;255.255.255.0;
Coatepeque 1 > Coatepeque 2;#N/D;Coatepeque 1 ;172.17.0.82;172.17.0.81;255.255.255.252;
;#N/D;Coatepeque 2;172.17.1.70;172.17.1.66;255.255.255.248;
La Pandeadura > Ahuachap n;#N/D;La Pandeadura;172.17.8.30;172.17.8.29;255.255.255.252;
;#N/D;Ahuachap n;172.16.3.254;172.16.3.12;255.255.255.0;
Las Isletas > El Pedregal;#N/D;Las Isletas ;172.17.0.86;172.17.0.85;255.255.255.252;
;390202;El Pedregal;172.16.1.254;172.16.1.9;255.255.255.0;
Mandinga (El Presidio) > Acajutla;#N/D;Mandinga (El Presidio) ;172.17.8.34;172.17.8.33;255.255.255.252;
;390803;Acajutla;172.16.3.254;172.16.3.11;255.255.255.0;
Rosarios de Mora > El chulo 2;#N/D;Rosarios de Mora;172.17.0.90;172.17.0.89;255.255.255.252;
;#N/D; El chulo 2;172.16.1.254;172.16.1.10;255.255.255.0;
San Francisco Menendez > Garita Palmera;390908;San Francisco Menendez;172.17.8.38;172.17.8.37;255.255.255.252;
;390903;Garita Palmera;172.17.9.94;172.17.9.66;255.255.255.224;
San Juan Tepezontes > Aeropuerto;390223;San Juan Tepezontes;172.17.0.98;172.17.0.97;255.255.255.252;
;#N/D; Aeropuerto;172.16.1.254;172.16.1.11;255.255.255.0;
San Julian Pueblo > San Julian;390817;San Julian Pueblo;172.17.8.42;172.17.8.41;255.255.255.252;
;390807;San Julian;172.16.3.254;172.16.3.7;255.255.255.0;
Sonsonate 2 > Sonsonate 1;390809;Sonsonate 2;172.17.8.46;172.17.8.45;255.255.255.252;
;#N/D;Sonsonate 1;172.16.3.254;172.16.3.5;255.255.255.0;
Suncita > Sonsonate 1;390820;Suncita;172.17.8.50;172.17.8.49;255.255.255.252;
;#N/D;Sonsonate 1;172.16.3.254;172.16.3.6;255.255.255.0;
El Ciprs > Cerro Conchagua;#N/D;El Ciprs ;172.17.37.62;172.17.37.57;255.255.255.248;
;391458;Cerro Conchagua;172.16.10.254;172.16.10.9;255.255.255.0;
El Carmen Cuscatl n > Cojutepeque;#N/D;El Carmen Cuscatl n;172.17.16.38;172.17.16.37;255.255.255.252;
;390302;Cojutepeque;172.16.5.254;172.16.5.9;255.255.255.0;
Villa Dolores > Cerro Grande ;390503;Villa Dolores;172.17.32.18;172.17.32.17;255.255.255.252;
;#N/D;Cerro Grande ;172.16.9.254;172.16.9.6;255.255.255.0;
Ciudad Barrios 3 > Cacahuatique;#N/D;Ciudad Barrios 3;172.17.52.90;172.17.52.89;255.255.255.252;
;3970003;Cerro cacahuatique;172.17.53.158;172.17.53.134;255.255.255.224;
Los Ranchos > Cojutepeque;391021;San antonio los ranchos;172.17.18.70;172.17.18.65;255.255.255.224;
;390302;Cojutepeque;172.16.5.254;172.16.5.10;255.255.255.0;
Santa Ana 7 > San Ana 2;#N/D;Santa Ana 7 ;172.17.12.6;172.17.12.5;255.255.255.252;
;#N/D;Santa Ana 2;172.16.4.254;172.16.4.2;255.255.255.0;
Primavera > El Tr nsito;390651;Primavera;172.17.36.42;172.17.36.41;255.255.255.252;
;#N/D;Borrar;Borrar;Borrar;Borrar;
Hacienda el Milagro > Santa Ana 2;#N/D;Hacienda el Milagro;172.17.12.10;172.17.12.9;255.255.255.252;
;#N/D;Santa Ana 2;172.16.4.254;172.16.4.3;255.255.255.0;
Cangrejera > Aeropuerto;390426;Cangrejera;172.17.0.102;172.17.0.101;255.255.255.252;
;390204;Aeropuerto;172.16.1.254;172.16.1.12;255.255.255.0;
Jiquilisco > La Concordia;391212;Jiquilisco;172.17.28.82;172.17.28.81;255.255.255.252;
;391203;La Concordia;172.16.8.254;172.16.8.19;255.255.255.0;
Laguna de Metap n > Metap n1;#N/D;Laguna de Metap n;172.17.5.70;172.17.5.65;255.255.255.248;
;#N/D;Metap n 1;172.17.5.62;172.17.5.50;255.255.255.240;
Mizata > Acajutla;390423;Mizata;172.17.9.110;172.17.9.105;255.255.255.248;
;390803;Acajutla;172.16.3.254;172.16.3.13;255.255.255.0;
Guazapa  > Aguilares;#N/D;Guazapa ;172.17.16.42;172.17.16.41;255.255.255.252;
;#N/D; Aguilares;172.17.17.254;172.17.17.34;255.255.255.0;
Ciudad Corinto 2 > Apopa;391692;Ciudad Corinto 2;172.17.0.106;172.17.0.105;255.255.255.252;
;391569;Apopa;172.16.1.254;172.16.1.13;255.255.255.0;
San Sebastian arriba > El Pedregal;390246;San Sebastian arriba;172.17.0.118;172.17.0.117;255.255.255.252;
;390202;El Pedregal;172.16.1.254;172.16.1.17;255.255.255.0;
Amayo > Chalatenango;391039;Amayo;172.17.16.46;172.17.16.45;255.255.255.252;
;391003;Chalatenango;172.17.17.254;172.17.17.2;255.255.255.0;
El Coyolito 2 > Aguilares;#N/D;El Coyolito 2 ;172.17.16.50;172.17.16.49;255.255.255.252;
;391572;Aguilares;172.17.17.254;172.17.17.35;255.255.255.0;
Hotel Estero y Mar > Aeropuerto;#N/D;Hotel Estero y Mar ;172.17.0.110;172.17.0.109;255.255.255.252;
;#N/D; Aeropuerto;172.16.1.254;172.16.1.14;255.255.255.0;
San Ignacio > La Palma;391046;San Ignacio;172.17.4.22;172.17.4.21;255.255.255.252;
;391002;La Palma;172.17.5.78;172.17.5.74;255.255.255.248;
Santo Domingo de Guzman > Apaneca;390840;Santo Domingo de Guzman;172.17.8.58;172.17.8.57;255.255.255.252;
;#N/D;Apaneca;172.17.9.62;172.17.9.2;255.255.255.192;
San Jos Las Flores CHA > Los Ranchos;#N/D;San Jos Las Flores CHA;172.17.16.54;172.17.16.53;255.255.255.252;
;391021;San antonio los ranchos;172.17.18.94;172.17.18.66;255.255.255.224;
San Emigdio > Cojutepeque;#N/D;San Emigdio ;172.17.16.58;172.17.16.57;255.255.255.252;
;390302;Cojutepeque;172.16.5.254;172.16.5.11;255.255.255.0;
Ahuchap n By Pass  > Ahuachap n;#N/D;Ahuchap n By Pass;172.17.8.66;172.17.8.65;255.255.255.252;
;#N/D; Ahuachap n;172.16.3.254;172.16.3.14;255.255.255.0;
El Mirador > Aeropuerto;#N/D;El Mirador ;172.17.0.114;172.17.0.113;255.255.255.252;
;390204;Aeropuerto;172.16.1.254;172.16.1.15;255.255.255.0;
Guaymango > Apaneca;390938;Guaymango;172.17.8.62;172.17.8.61;255.255.255.252;
;#N/D;Apaneca;172.17.9.62;172.17.9.3;255.255.255.192;
Las Pavas > Cerro Pacho;390468;Las Pavas;172.17.4.26;172.17.4.25;255.255.255.252;
;391043;Cerro Pacho;172.16.2.254;172.16.2.5;255.255.255.0;
Sociedad > Torrecillas;391314;Sociedad;172.17.53.238;172.17.53.233;255.255.255.248;
;#N/D;Torrecillas;172.17.53.30;172.17.53.5;255.255.255.224;
Tacachico 2 > Tacachico;390477;Tacachico 2;172.17.4.30;172.17.4.29;255.255.255.252;
;390416;Tacachico;172.17.5.30;172.17.5.27;255.255.255.248;
Cerro La Cruz > Candelaria de la Frontera;390726;Cerro La Cruz;172.17.5.118;172.17.5.113;255.255.255.248;
;390707;Candelaria de la Frontera;172.17.5.94;172.17.5.82;255.255.255.240;
Joya Redonda > Pasaquina;391427;Joya Redonda;172.17.36.50;172.17.36.49;255.255.255.252;
;391404;Pasaquina;172.17.37.30;172.17.37.19;255.255.255.240;
Candelaria de la Frontera > El Faro;390707;Candelaria de la Frontera;172.17.5.94;172.17.5.81;255.255.255.240;
;390703;El Faro;172.16.2.254;172.16.2.11;255.255.255.0;
La Palma > Miramundo;391002;La Palma;172.17.5.78;172.17.5.73;255.255.255.248;
;391026;Miramundo;172.16.2.254;172.16.2.12;255.255.255.0;
Agua Caliente >  Miramundo;#N/D;Agua Caliente;172.17.4.34;172.17.4.33;255.255.255.252;
;391026;Miramundo;172.16.2.254;172.16.2.13;255.255.255.0;
Chiltiupan > Carretera a La Libertad 2;#N/D;Chiltiupan ;172.17.1.78;172.17.1.73;255.255.255.248;
;#N/D;Carretera a La Libertad 2;172.16.1.254;172.16.1.16;255.255.255.0;
Zacatecoluca 12 > Zacatecoluca;390249;Zacatecoluca 12;172.17.28.18;172.17.28.17;255.255.255.252;
;390201;Zacatecoluca;172.16.8.254;172.16.8.4;255.255.255.0;
El Zonte > Chiltiup n;#N/D;El Zonte ;172.17.0.94;172.17.0.93;255.255.255.252;
;#N/D;Chiltiup n;172.17.1.78;172.17.1.74;255.255.255.248;
Conchagua Pueblo  > Cerro Conchagua;#N/D;Conchagua Pueblo;172.17.36.54;172.17.36.53;255.255.255.252;
;#N/D; Cerro Conchagua;172.16.10.254;172.16.10.12;255.255.255.0;
Tierra Blanca Chirilagua > Cerro Conchagua;390658;Tierra Blanca Chirilagua;172.17.36.58;172.17.36.57;255.255.255.252;
;391458;Cerro Conchagua;172.16.10.254;172.16.10.13;255.255.255.0;
SAN GERARDOÿ> Victoria 2;390654;SAN GERARDO;172.17.16.62;172.17.16.61;255.255.255.252;
;390513;Victoria 2;172.17.18.46;172.17.18.42;255.255.255.248;
Lolotiquillo > Delicias de Concepci¢n;#N/D;Lolotiquillo ;172.17.52.98;172.17.52.97;255.255.255.252;
;#N/D;Delicias de Concepci¢n;172.17.53.230;172.17.53.225;255.255.255.248;
Delicias de Concepci¢n > San Fracisco Gotera;#N/D;Delicias de Concepci¢n;172.17.53.230;172.17.53.226;255.255.255.248;
;391301;San Francisco Gotera;172.17.53.62;172.17.53.39;255.255.255.224;
Concepcion de Oriente > Cerro Conchagua;391416;Concepcion de Oriente;172.17.37.54;172.17.37.49;255.255.255.248;
;391458;Cerro Conchagua;172.16.10.254;172.16.10.14;255.255.255.0;
CUYULTITAN > Aeropuerto;390216;CUYULTITAN;172.17.1.86;172.17.1.81;255.255.255.248;
;390204;Aeropuerto;172.16.1.254;172.16.1.18;255.255.255.0;
Cara Sucia > Garita Palmera;390909;Cara Sucia;172.17.8.70;172.17.8.69;255.255.255.252;
;#N/D; Garita Palmera;172.17.9.94;172.17.9.67;255.255.255.224;
ARCATAO > Nueva Trinidad;391048;ARCATAO;172.17.16.66;172.17.16.65;255.255.255.252;
;391019;Nueva Trinidad;172.17.18.99;172.17.18.98;255.255.255.248;
Osicala 2 > Perqu¡n;#N/D;Osicala 2 ;172.17.52.102;172.17.52.101;255.255.255.252;
;#N/D;Perqu¡n;172.17.53.190;172.17.53.162;255.255.255.224;
Tecoluca Pueblo  > El Play¢n;391109;Tecoluca Pueblo;172.17.28.22;172.17.28.21;255.255.255.252;
;#N/D; El Play¢n;172.17.29.30;172.17.29.25;255.255.255.248;
El Play¢n > Zacatecoluca;#N/D;El Play¢n ;172.17.29.30;172.17.29.26;255.255.255.248;
;390201;Zacatecoluca;172.16.8.254;172.16.8.5;255.255.255.0;
Tonacatepeque > San Miguelito;391571;Tonacatepeque;172.17.25.14;172.17.25.1;255.255.255.240;
;391512;San Miguelito;172.16.7.254;172.16.7.4;255.255.255.0;
El Paisnal > Aguilares;391574;El Paisnal;172.17.16.70;172.17.16.69;255.255.255.252;
;391572;Aguilares;172.17.17.254;172.17.17.36;255.255.255.0;
EL COYOLITO  > Aguilares;391029;EL COYOLITO;172.17.18.134;172.17.18.129;255.255.255.248;
;391572;Aguilares;172.17.17.254;172.17.17.37;255.255.255.0;
CARRETERA LOS NARANJOS > Santa Ana 2;390721;CARRETERA LOS NARANJOS;172.17.12.14;172.17.12.13;255.255.255.252;
;#N/D;Santa Ana 2;172.16.4.254;172.16.4.4;255.255.255.0;
CONCEPCION QUEZALTEPEQUE > Cerro Pacho;391024;CONCEPCION QUEZALTEPEQUE;172.17.4.38;172.17.4.37;255.255.255.252;
;391043;Cerro Pacho;172.16.2.254;172.16.2.14;255.255.255.0;
EL PARAISO > Los Ranchos;391025;EL PARAISO;172.17.16.78;172.17.16.77;255.255.255.252;
;391021;San antonio los ranchos;172.17.18.94;172.17.18.68;255.255.255.224;
GUAJOYO > El Faro;390718;GUAJOYO;172.17.5.126;172.17.5.121;255.255.255.248;
;390703;El Faro;172.16.2.254;172.16.2.15;255.255.255.0;
SANTO TOMAS TEXISTEPEQUE > Guajoyo;390722;SANTO TOMAS TEXISTEPEQUE;172.17.4.46;172.17.4.45;255.255.255.252;
;390718;Guajoyo;172.17.5.126;172.17.5.122;255.255.255.248;
SAN ANTONIO PAJONAL  > Metap n 1;#N/D;SAN ANTONIO PAJONAL;172.17.4.50;172.17.4.49;255.255.255.252;
;#N/D;Metap n 1;172.17.5.62;172.17.5.51;255.255.255.240;
TEXISTEPEQUE > El Faro;390717;TEXISTEPEQUE;172.17.4.42;172.17.4.41;255.255.255.252;
;390703;El Faro;172.16.2.254;172.16.2.16;255.255.255.0;
Cacahualejo > Sociedad;#N/D;Cacatahualejo;172.17.52.106;172.17.52.105;255.255.255.252;
;391314;Sociedad;172.17.53.238;172.17.53.234;255.255.255.248;
Las Marias (Dev¡o a Sociedad) > La Calavera;#N/D;Las Marias (Dev¡o a Sociedad) ;172.17.52.110;172.17.52.109;255.255.255.252;
;#N/D;La Calavera;172.17.53.246;172.17.53.242;255.255.255.248;
SAN ISIDRO MORAZAN > Cacahuatique;#N/D;SAN ISIDRO MORAZAN ;172.17.52.114;172.17.52.113;255.255.255.252;
;3970003;Cerro cacahuatique;172.17.53.158;172.17.53.135;255.255.255.224;
San Miguel 53 Los Pilones > San Miguel 3;390657;San Miguel 53 Los Pilones;172.17.56.10;172.17.56.9;255.255.255.252;
;390603;San miguel III;172.16.15.254;172.16.15.3;255.255.255.0;
San Luis de la Reina > Cacahuatique;#N/D;San Luis de la Reina;172.17.53.250;172.17.53.249;255.255.255.240;
;3970003;Cerro cacahuatique;172.17.53.158;172.17.53.136;255.255.255.224;
Jocoro > Sociedad;391302;Jocoro;172.17.52.118;172.17.52.117;255.255.255.252;
;391314;Sociedad;172.17.53.238;172.17.53.235;255.255.255.248;
La Calavera > Torrecillas;#N/D;La Calavera;172.17.53.246;172.17.53.241;255.255.255.248;
;#N/D;Torrecillas;172.17.53.30;172.17.53.6;255.255.255.224;
Yucuaiquin > Torrecillas;#N/D;Yucuaiquin ;172.17.52.38;172.17.52.37;255.255.255.252;
;#N/D;Torrecillas;172.17.53.30;172.17.53.4;255.255.255.224;
Los Mojones > Torrecillas;391446;Los Mojones;172.17.52.122;172.17.52.121;255.255.255.252;
;#N/D;Torrecillas;172.17.53.30;172.17.53.8;255.255.255.224;
San Juan Talpa > Aeropuerto;390224;San Juan Talpa;172.17.0.122;172.17.0.121;255.255.255.252;
;390204;Aeropuerto;172.16.1.254;172.16.1.19;255.255.255.0;
San Marcos Lempa > El Play¢n [cambio Idu);391217;San Marcos Lempa;172.17.28.26;172.17.28.25;255.255.255.252;
;#N/D;El Play¢n;172.17.29.30;172.17.29.27;255.255.255.248;
San Pedro Masahuat > Aeropuerto;390213;San Pedro Masahuat;172.17.0.126;172.17.0.125;255.255.255.252;
;390204;Aeropuerto;172.16.1.254;172.16.1.20;255.255.255.0;
San Pedro Nonualco > Santa Cruz Analquito;390222;San Pedro Nonualco;172.17.18.126;172.17.18.121;255.255.255.248;
;390306;Santa Cruz Analquito;172.17.18.54;172.17.18.49;255.255.255.248;
San Pedro Perulap n > Chalatenango;#N/D;San Pedro Perulap n;172.17.16.86;172.17.16.85;255.255.255.252;
;391003;Chalatenango;172.17.17.254;172.17.17.3;255.255.255.0;
Santa Cruz Analquito > Cojutepeque;390306;Santa Cruz Analquito;172.17.18.54;172.17.18.50;255.255.255.248;
;390302;Cojutepeque;172.16.5.254;172.16.5.12;255.255.255.0;
Santa Cruz Michapa > San Mart¡n;390308;Santa Cruz Michapa;172.17.24.14;172.17.24.13;255.255.255.252;
;#N/D;San Mart¡n;172.16.7.254;172.16.7.6;255.255.255.0;
Santo Domingo > San Sebasti n San Vicente;391111;Santo Domingo;172.17.32.22;172.17.32.21;255.255.255.252;
;#N/D;San Sebasti n San Vicente;172.17.33.30;172.17.33.26;255.255.255.248;
Izalco > Sonsonate 1;390806;Izalco;172.17.9.102;172.17.9.97;255.255.255.248;
;#N/D;Sonsonate 1;172.16.3.254;172.16.3.15;255.255.255.0;
Costa del sol 2;#N/D;Costa del Sol 2;172.17.1.30;172.17.1.25;255.255.255.248;
;390205;Comalapa;172.16.1.254;172.16.1.21;255.255.255.0;
el carmen la union;391411;El Carmen La Union;172.17.36.66;172.17.36.65;255.255.255.252;
;391458;Cerro Conchagua;172.16.10.254;172.16.10.15;255.255.255.0;
HATO NUEVO > Torrecillas;391409;HATO NUEVO;172.17.52.126;172.17.52.125;255.255.255.252;
;#N/D;Torrecillas;172.17.53.30;172.17.53.9;255.255.255.224;
SAN JOSE LA FUENTE > Torrecillas;#N/D;SAN JOSE LA FUENTE ;172.17.52.130;172.17.52.129;255.255.255.252;
;#N/D;Torrecillas;172.17.53.30;172.17.53.10;255.255.255.224;
San Carlos Moraz n > San Francisco Gotera;#N/D;San Carlos Moraz n;172.17.54.14;172.17.54.9;255.255.255.248;
;391301;San Francisco Gotera;172.17.53.62;172.17.53.40;255.255.255.224;
Sirama > Miraflores;391406;Sirama;172.17.36.74;172.17.36.73;255.255.255.252;
;390608;Miraflores;172.17.37.70;172.17.37.67;255.255.255.248;
Intipuca > El Tamarindo;#N/D;Intipuca ;172.17.36.70;172.17.36.69;255.255.255.252;
;391405;El Tamarindo;172.17.37.94;172.17.37.84;255.255.255.240;
Monte San Juan > Cojutepeque;390321;Monte San Juan;172.17.16.90;172.17.16.89;255.255.255.252;
;390302;Cojutepeque;172.16.5.254;172.16.5.13;255.255.255.0;
Garita Palmera > Apaneca;#N/D;Garita Palmera ;172.17.9.94;172.17.9.65;255.255.255.224;
;#N/D;Apaneca;172.17.9.62;172.17.9.4;255.255.255.192;
Artiller¡a > Arenera;#N/D;Artiller¡a;172.17.0.130;172.17.0.129;255.255.255.252;
;390408;Arenera;172.16.1.254;172.16.1.22;255.255.255.0;
Gotera 4 > San Francisco de Gotera ;391317;Gotera 4;172.17.52.10;172.17.52.9;255.255.255.252;
;#N/D;San Francisco de Gotera ;172.17.53.62;172.17.53.35;255.255.255.224;
Vistamar > Carretera a la Libertad 2;#N/D;Vistamar ;172.17.1.62;172.17.1.33;255.255.255.224;
;#N/D;Carretera a la Libertad 2;172.16.1.254;172.16.1.23;255.255.255.0;
Majahual > Vistamar;390469;Majahual;172.17.0.134;172.17.0.133;255.255.255.252;
;390403;Vistamar;172.17.1.62;172.17.1.36;255.255.255.224;
Carretera a Las Chinamas  >Cach¡o;390910;Carretera a Las Chinamas;172.17.12.18;172.17.12.17;255.255.255.252;
;#N/D;Cach¡o;172.17.13.30;172.17.13.2;255.255.255.224;
Cach¡o > Santa Ana 2;#N/D;Cach¡o;172.17.13.30;172.17.13.1;255.255.255.224;
;#N/D;Santa Ana 2;172.16.4.254;172.16.4.5;255.255.255.0;
Cutumay Camones > El Faro;#N/D;Cutumay Camones ;172.17.4.54;172.17.4.53;255.255.255.252;
;#N/D; El Faro;172.16.2.254;172.16.2.17;255.255.255.0;
El Jocotal > Jucuar n ;#N/D;El Jocotal ;172.17.36.82;172.17.36.81;255.255.255.252;
;#N/D;Jucuar n ;172.17.37.110;172.17.37.98;255.255.255.240;
Jucuar n  > La Concordia;#N/D;Jucuar n ;172.17.37.110;172.17.37.97;255.255.255.240;
;391203;La Concordia;172.16.10.254;172.16.10.17;255.255.255.0;
Quebrada Seca > San Sim¢n;#N/D;Quebrada Seca ;172.17.52.138;172.17.52.137;255.255.255.252;
;#N/D;San Sim¢n;172.17.53.78;172.17.53.74;255.255.255.248;
Tenancingo > Lomas de San Francisco;390305;Tenancingo;172.17.21.6;172.17.21.1;255.255.255.248;
;391508;Lomas de San Francisco;172.16.6.254;172.16.6.2;255.255.255.0;
Llano de Santiago > San Francisco Gotera;391320;Llano de Santiago;172.17.52.22;172.17.52.21;255.255.255.252;
;391301;San Francisco Gotera;172.17.53.62;172.17.53.38;255.255.255.224;
Chilanga > San Francisco Gotera;391319;Chilanga;172.17.52.18;172.17.52.17;255.255.255.252;
;391301;San Francisco Gotera;172.17.53.62;172.17.53.37;255.255.255.224;
Miraflores > El Delirio;390608;Miraflores;172.17.37.70;172.17.37.65;255.255.255.248;
;#N/D; El Delirio;172.16.10.254;172.16.10.16;255.255.255.0;
San Alejo 2 > Miraflores;391429;San Alejo 2;172.17.36.78;172.17.36.77;255.255.255.252;
;390608;Miraflores;172.17.37.70;172.17.37.68;255.255.255.248;
Ojos de Agua > Cant¢n el Zapotal;391044;Ojos de Agua;172.17.16.94;172.17.16.93;255.255.255.252;
;#N/D;Cant¢n el Zapotal;172.17.18.62;172.17.18.58;255.255.255.248;
San Sim¢n > Mercedes Uma¤a;#N/D;San Sim¢n ;172.17.53.78;172.17.53.73;255.255.255.248;
;#N/D;Mercedes Uma¤a;172.16.14.254;172.16.14.15;255.255.255.0;
Nueva Granada > Lolotique;391244;Nueva Granada;172.17.52.142;172.17.52.141;255.255.255.252;
;390604;Lolotique;172.17.53.126;172.17.53.101;255.255.255.224;
Jucuapa > Lolotique;391238;Jucuapa;172.17.52.146;172.17.52.145;255.255.255.252;
;390604;Lolotique;172.17.53.126;172.17.53.102;255.255.255.224;
El Bejuco > El Faro;390742;El Bejuco;172.17.4.58;172.17.4.57;255.255.255.252;
;390703;El Faro;172.16.2.254;172.16.2.18;255.255.255.0;
Rosario de la Paz > Aeropuerto;390235;Rosario de la Paz;172.17.0.138;172.17.0.137;255.255.255.252;
;390204;Aeropuerto;172.16.1.254;172.16.1.24;255.255.255.0;
Santiago Texacuango > El Chulo;#N/D;Santiago Texacuango;172.17.0.142;172.17.0.141;255.255.255.252;
;391551;El Chulo;172.16.1.254;172.16.1.25;255.255.255.0;
Chalatenango > Cojutepeque;391003;Chalatenango;172.17.17.254;172.17.17.1;255.255.255.0;
;390302;Cojutepeque;172.16.5.254;172.16.5.14;255.255.255.0;
San Sim¢n Gualococti > Perqu¡n;#N/D;San Sim¢n Gualococti ;172.17.52.154;172.17.52.153;255.255.255.252;
;#N/D;Perqu¡n;172.17.53.190;172.17.53.163;255.255.255.224;
Torola > Cacahuatique;391306;Torola;172.17.54.6;172.17.54.1;255.255.255.248;
;3970003;Cerro cacahuatique;172.17.53.158;172.17.53.137;255.255.255.224;
El Embalse > Nombre de Jes£s;#N/D;El Embalse;172.17.16.98;172.17.16.97;255.255.255.252;
;#N/D;Nombre de Jes£s;172.17.18.110;172.17.18.106;255.255.255.248;
El Tabl¢n valle afuera > La Uni¢n;#N/D;El Tabl¢n valle afuera;172.17.36.86;172.17.36.85;255.255.255.252;
;#N/D;La Uni¢n;172.17.37.14;172.17.37.3;255.255.255.240;
Arambala > Cacahuatique;391313;Arambala;172.17.52.150;172.17.52.149;255.255.255.252;
;3970003;Cerro cacahuatique;172.17.53.158;172.17.53.138;255.255.255.224;
AZACUALPA > Los Ranchos;391028;AZACUALPA;172.17.16.102;172.17.16.101;255.255.255.252;
;391021;San antonio los ranchos;172.17.18.94;172.17.18.67;255.255.255.224;
Carretare Tecoluca (La Joya) > Aeropuerto;#N/D;Carretare Tecoluca (La Joya);172.17.0.146;172.17.0.145;255.255.255.252;
;390204;Aeropuerto;172.16.1.254;172.16.1.26;255.255.255.0;
CHIRILAGUA > Tamarindo;390624;CHIRILAGUA;172.17.36.90;172.17.36.89;255.255.255.252;
;#N/D;Tamarindo;172.17.37.94;172.17.37.85;255.255.255.240;
Portezuelo > Santa Ana 2;390757;Portezuelo;172.17.12.22;172.17.12.21;255.255.255.252;
;#N/D;Santa Ana 2;172.16.4.254;172.16.4.6;255.255.255.0;
El N£cleo 1 y 2 > Chalatenango;#N/D;El N£cleo 1 y 2;172.17.16.130;172.17.16.129;255.255.255.252;
;391003;Chalatenango;172.17.17.254;172.17.17.4;255.255.255.0;
Carolina > Torola;390636;Carolina;172.17.52.158;172.17.52.157;255.255.255.252;
;391306;Torola;172.17.54.6;172.17.54.2;255.255.255.248;
Pasaquina > Cerro Conchagua;391404;Pasaquina;172.17.37.30;172.17.37.17;255.255.255.240;
;391458;Cerro Conchagua;172.16.10.254;172.16.10.18;255.255.255.0;
Las Mar¡as Chinamecas > Jucuar n;#N/D;Las Mar¡as Chinamecas;172.17.36.94;172.17.36.93;255.255.255.252;
;#N/D;Jucuar n;172.17.37.110;172.17.37.100;255.255.255.240;
ATEOS 2 > Lourdes;390447;ATEOS 2;172.17.0.150;172.17.0.149;255.255.255.252;
;390406;Lourdes;172.16.1.254;172.16.1.27;255.255.255.0;
Jayaque 2 > Lourdes;390451;Jayaque 2;172.17.0.154;172.17.0.153;255.255.255.252;
;390406;Lourdes;172.16.1.254;172.16.1.28;255.255.255.0;
Col¢n > Lourdes;#N/D;Col¢n;172.17.0.158;172.17.0.157;255.255.255.252;
;390406;Lourdes;172.16.1.254;172.16.1.29;255.255.255.0;
Guadalupe > Cerro Grande;391118;Guadalupe;172.17.32.26;172.17.32.25;255.255.255.252;
;391102;Cerro Grande;172.16.9.254;172.16.9.7;255.255.255.0;
Verapaz > Cerro Grande;#N/D;Verapaz ;172.17.32.30;172.17.32.29;255.255.255.252;
;#N/D; Cerro Grande;172.16.9.254;172.16.9.8;255.255.255.0;
San Lorenzo San Vicente >  Cerro Grande;391116;San Lorenzo San Vicente;172.17.32.34;172.17.32.33;255.255.255.252;
;391102;Cerro Grande;172.16.9.254;172.16.9.9;255.255.255.0;
San Esteban Catarina > Cerro Grande;391115;San Esteban Catarina;172.17.32.38;172.17.32.37;255.255.255.252;
;391102;Cerro Grande;172.16.9.254;172.16.9.10;255.255.255.0;
Quesera Abajo > Cojutepeque;390506;Quesera Abajo;172.17.18.118;172.17.18.113;255.255.255.248;
;390302;Cojutepeque;172.16.5.254;172.16.5.15;255.255.255.0;
La Labor > Cojutepeque;390510;La Labor;172.17.16.106;172.17.16.105;255.255.255.252;
;#N/D; Cojutepeque;172.16.5.254;172.16.5.16;255.255.255.0;
El Triunfo (San Buenaventura) > Lolotique;391213;El Triunfo (San Buenaventura);172.17.52.162;172.17.52.161;255.255.255.252;
;390604;Lolotique;172.17.53.126;172.17.53.103;255.255.255.224;
Embarcadero > La Uni¢n;391408;Embarcadero;172.17.36.98;172.17.36.97;255.255.255.252;
;#N/D;La Uni¢n;172.17.37.14;172.17.37.4;255.255.255.240;
Guacotecti > Sensuntepeque;390505;Guacotecti;172.17.16.110;172.17.16.109;255.255.255.252;
;390502;Sensuntepeque;172.17.18.30;172.17.18.18;255.255.255.240;
Metayate > Cerro Pacho;391030;Metayate;172.17.4.62;172.17.4.61;255.255.255.252;
;391043;Cerro Pacho;172.16.2.254;172.16.2.6;255.255.255.0;
Oratorio de Concepci¢n  > Tenancingo;#N/D;Oratorio de Concepci¢n;172.17.20.6;172.17.20.5;255.255.255.252;
;390305;Tenancingo;172.17.21.6;172.17.21.2;255.255.255.248;
San Agust¡n > La Concordia;391210;San Agustin;172.17.28.30;172.17.28.29;255.255.255.252;
;391203;La Concordia;172.16.8.254;172.16.8.6;255.255.255.0;
San Antonio Silva > Miraflores;390629;San Antonio Silva;172.17.36.102;172.17.36.101;255.255.255.252;
;390608;Miraflores;172.17.37.70;172.17.37.66;255.255.255.248;
San Francisco Javier > La Concordia;391209;San Francisco Javier;172.17.28.33;172.17.28.33;255.255.255.252;
;391203;La Concordia;172.16.8.254;172.16.8.7;255.255.255.0;
San Francisco Morazan > Aguilares;#N/D;San Francisco Morazan;172.17.16.114;172.17.16.113;255.255.255.252;
;391572;Aguilares;172.17.17.254;172.17.17.38;255.255.255.0;
San Isidro > Quesera Abajo;#N/D;San Isidro ;172.17.16.118;172.17.16.117;255.255.255.252;
;390506;Quesera Abajo;172.17.18.118;172.17.18.114;255.255.255.248;
San Miguel de Mercedes > Los Ranchos;391027;San Miguel de Mercedes;172.17.16.122;172.17.16.121;255.255.255.252;
;391021;San antonio los ranchos;172.17.18.94;172.17.18.69;255.255.255.224;
San Ram¢n > San Pedro Nonualco;#N/D;San Ram¢n;172.17.16.126;172.17.16.125;255.255.255.252;
;390222;San Pedro Nonualco;172.17.18.126;172.17.18.122;255.255.255.248;
Guatajiagua 2 > Cacahuatique;391318;Guatajiagua 2;172.17.52.166;172.17.52.165;255.255.255.252;
;3970003;Cerro cacahuatique;172.17.53.158;172.17.53.139;255.255.255.224;
Llano el Angel > Cacahuatique;#N/D;Llano el Angel ;172.17.52.170;172.17.52.169;255.255.255.252;
;3970003;Cerro cacahuatique;172.17.53.158;172.17.53.140;255.255.255.224;
Sesori > Cacahuatique;390646;Sesori;172.17.52.174;172.17.52.173;255.255.255.252;
;3970003;Cerro cacahuatique;172.17.53.158;172.17.53.141;255.255.255.224;
Canton El Rodeo Sensembra > Cacahuatique;391438;Canton El Rodeo Sensembra;172.17.52.178;172.17.52.177;255.255.255.252;
;3970003;Cerro cacahuatique;172.17.53.158;172.17.53.142;255.255.255.224;
Corinto 3 > Cacahuatique;#N/D;Corinto 3 ;172.17.52.182;172.17.52.181;255.255.255.252;
;3970003;Cerro cacahuatique;172.17.53.158;172.17.53.143;255.255.255.224;
Aguilares > Chalatenango;391572;Aguilares;172.17.17.254;172.17.17.5;255.255.255.0;
;#N/D; Chalatenango;172.17.17.254;172.17.17.6;255.255.255.0;
Santa Clara > Apastepeque;391114;Santa Clara;172.17.32.46;172.17.32.45;255.255.255.252;
;#N/D; Apastepeque;172.16.9.254;172.16.9.13;255.255.255.0;
Santa Clara 2 > Apastepeque;391117;Santa Clara 2;172.17.32.50;172.17.32.49;255.255.255.252;
;391103;Apastepeque;172.16.9.254;172.16.9.14;255.255.255.0;
Candelaria Cuscatl n > Cojutepeque;#N/D;Candelaria Cuscatl n;172.17.16.146;172.17.16.145;255.255.255.252;
;390302;Cojutepeque;172.16.5.254;172.16.5.17;255.255.255.0;
Victoria > Sensuntepeque;390512;Victoria;172.17.16.150;172.17.16.149;255.255.255.252;
;390502;Sensuntepeque;172.17.18.30;172.17.18.19;255.255.255.240;
Victoria 2 > Sensuntepeque;390513;Victoria 2;172.17.18.46;172.17.18.41;255.255.255.248;
;390502;Sensuntepeque;172.17.18.30;172.17.18.20;255.255.255.240;
Sensuntepeque 2 > Sensuntepeque;#N/D;Sensuntepeque 2;172.17.16.154;172.17.16.153;255.255.255.252;
;390502;Sensuntepeque;172.17.18.30;172.17.18.21;255.255.255.240;
El Zamorano > La Concordia;391228;El Zamorano;172.17.28.38;172.17.28.37;255.255.255.252;
;391203;La Concordia;172.16.8.254;172.16.8.8;255.255.255.0;
La Canoa >  La Concordia;391230;La Canoa;172.17.28.42;172.17.28.41;255.255.255.252;
;391203;La Concordia;172.16.8.254;172.16.8.9;255.255.255.0;
Isla Mendez >  La Concordia;#N/D;Isla Mendez ;172.17.28.46;172.17.28.45;255.255.255.252;
;391203;La Concordia;172.16.8.254;172.16.8.10;255.255.255.0;
Ozatl n > La Concordia;#N/D;Ozatl n;172.17.28.50;172.17.28.49;255.255.255.252;
;391203;La Concordia;172.16.8.254;172.16.8.11;255.255.255.0;
Tecap n > La Concordia;#N/D;Tecap n;172.17.28.54;172.17.28.53;255.255.255.252;
;391203;La Concordia;172.16.8.254;172.16.8.12;255.255.255.0;
Tierra Blanca Jiquilisco> La Concordia;391232;Tierra Blanca Jiquilisco;172.17.28.58;172.17.28.57;255.255.255.252;
;391203;La Concordia;172.16.8.254;172.16.8.13;255.255.255.0;
El Espino > La Concordia;391235;El Espino;172.17.28.62;172.17.28.61;255.255.255.252;
;391203;La Concordia;172.16.8.254;172.16.8.14;255.255.255.0;
Puerto Parada 1 > La Concordia;#N/D;Puerto Parada 1 ;172.17.28.66;172.17.28.65;255.255.255.252;
;391203;La Concordia;172.16.8.254;172.16.8.15;255.255.255.0;
Puerto Parada 2 > La Concordia;391240;Puerto Parada 2;172.17.28.70;172.17.28.69;255.255.255.252;
;391203;La Concordia;172.16.8.254;172.16.8.16;255.255.255.0;
Isla San Sebasti n > La Concordia;#N/D;Isla San Sebasti n ;172.17.28.74;172.17.28.73;255.255.255.252;
;391203;La Concordia;172.16.8.254;172.16.8.17;255.255.255.0;
Puerto El Triunfo > La Concordia;#N/D;Puerto El Triunfo ;172.17.28.78;172.17.28.77;255.255.255.252;
;391203;La Concordia;172.16.8.254;172.16.8.18;255.255.255.0;
Papal¢n > San Miguel 3;#N/D;Papal¢n ;172.17.56.30;172.17.56.29;255.255.255.252;
;390603;San miguel III;172.16.15.254;172.16.15.8;255.255.255.0;
El Tule > El Coyolito;391604;El Tule;172.17.16.6;172.17.16.5;255.255.255.252;
;391029;El Coyolito;172.17.18.134;172.17.18.130;255.255.255.248;
Nueva Trinidad  CHA > Los Ranchos;391019;Nueva Trinidad;172.17.18.99;172.17.18.97;255.255.255.248;
;391021;San antonio los ranchos;172.17.18.94;172.17.18.70;255.255.255.224;
San Isidro Labrador CHA > Los Ranchos;391017;San Isidro Labrador;172.17.16.162;172.17.16.161;255.255.255.252;
;391021;San antonio los ranchos;172.17.18.94;172.17.18.71;255.255.255.224;
San Atonio de la Cruz CHA > Los Ranchos;391013;San Antonio de la Cruz;172.17.16.166;172.17.16.165;255.255.255.252;
;391021;San antonio los ranchos;172.17.18.94;172.17.18.72;255.255.255.224;
Dulce Nombre de Mar¡a CHA > Aguilares;391005;Dulce Nombre de Maria;172.17.16.170;172.17.16.169;255.255.255.252;
;391572;Aguilares;172.17.17.254;172.17.17.42;255.255.255.0;
Comalapa CHA > Aguilares;#N/D;Comalapa CHA;172.17.16.174;172.17.16.173;255.255.255.252;
;391572;Aguilares;172.17.17.254;172.17.17.43;255.255.255.0;
San Francisco Lempa CHA  > Aguilares;#N/D;San Francisco Lempa CHA;172.17.16.178;172.17.16.177;255.255.255.252;
;391572;Aguilares;172.17.17.254;172.17.17.44;255.255.255.0;
Santa Rita CHA > Aguilares;391011;Santa Rita;172.17.16.182;172.17.16.181;255.255.255.252;
;391572;Aguilares;172.17.17.254;172.17.17.45;255.255.255.0;
San Rafael CHA > Aguilares;391006;San Rafael;172.17.16.186;172.17.16.185;255.255.255.252;
;391572;Aguilares;172.17.17.254;172.17.17.46;255.255.255.0;
La Palma 2 > Miramundo;391032;La Palma 2;172.17.4.66;172.17.4.65;255.255.255.252;
;391026;Miramundo;172.16.2.254;172.16.2.19;255.255.255.0;
La Reina CHA > Miramundo;391023;La Reina;172.17.5.102;172.17.5.97;255.255.255.248;
;391026;Miramundo;172.16.2.254;172.16.2.20;255.255.255.0;
Sacare > La Reina CHA;391031;Sacare;172.17.4.70;172.17.4.69;255.255.255.252;
;391023;La Reina;172.17.5.102;172.17.5.98;255.255.255.248;
Suchitoto > Cojutepeque;390301;Suchitoto;172.17.18.158;172.17.18.153;255.255.255.248;
Suchitoto>Cojutepeque;390302;Cojutepeque;172.16.5.254;172.16.5.19;255.255.255.0;
Potonico > San Jos Cancasque (CHA);#N/D;Potonico Repetidor;172.17.18.38;172.17.18.33;255.255.255.248;
;391020;San Jose Cancasque;172.17.18.142;172.17.18.138;255.255.255.248;
CACAOPERA > Delicias de Concepci¢n (Moraz n);391316;CACAOPERA;172.17.52.186;172.17.52.185;255.255.255.252;
;391309;Delicias de Concepcion;172.17.53.230;172.17.53.227;255.255.255.248;
EL CARRIZAL > El Trigalito;391022;EL CARRIZAL;172.17.16.190;172.17.16.189;255.255.255.252;
;391047;El Trigalito;172.17.18.150;172.17.18.146;255.255.255.248;
El Trigalito > Cojutepeque;391047;El Trigalito;172.17.18.150;172.17.18.145;255.255.255.248;
;390302;Cojutepeque;172.16.5.254;172.16.5.18;255.255.255.0;
JOATECA > Perquin (Cerro El Gigante);391312;JOATECA;172.17.52.190;172.17.52.189;255.255.255.252;
;391307;Perquin;172.17.53.190;172.17.53.164;255.255.255.224;
JOCOATIQUE > Cacahuatique;391310;JOCOATIQUE;172.17.52.194;172.17.52.193;255.255.255.252;
;3970003;Cerro cacahuatique;172.17.53.158;172.17.53.144;255.255.255.224;
LAS VUELTAS > Sensuntepeque;391007;LAS VUELTAS;172.17.16.194;172.17.16.193;255.255.255.252;
;390502;Sensuntepeque;172.17.18.30;172.17.18.22;255.255.255.240;
SAN FERNANDO (CHA) > El Trigalito;#N/D;SAN FERNANDO (CHA);172.17.16.198;172.17.16.197;255.255.255.252;
;391047;El Trigalito;172.17.18.150;172.17.18.147;255.255.255.248;
SAN FERNANDO (MOR) > Cacahuatique;#N/D;SAN FERNANDO (MOR);172.17.52.198;172.17.52.197;255.255.255.252;
;3970003;Cerro cacahuatique;172.17.53.158;172.17.53.145;255.255.255.224;
SAN JOSE CANCASQUE > Sensuntepeque;391020;SAN JOSE CANCASQUE;172.17.18.142;172.17.18.137;255.255.255.248;
;390502;Sensuntepeque;172.17.18.30;172.17.18.23;255.255.255.240;
SESEMBRA/YAMABAL > San Carlos (MOR);391303;SESEMBRA/YAMABAL;172.17.52.202;172.17.52.201;255.255.255.252;
;#N/D;San Carlos (MOR);172.17.54.14;172.17.54.10;255.255.255.248;
YOLOAQUIN > San Francisco Gotera;#N/D;YOLOAQUIN;172.17.52.206;172.17.52.205;255.255.255.252;
;391301;San Francisco Gotera;172.17.53.62;172.17.53.41;255.255.255.224;
Los C¢banos > Acajutla;#N/D;Los C¢banos;172.17.8.166;172.17.8.165;255.255.255.252;
;390803;Acajutla;172.16.3.254;172.16.3.29;255.255.255.0;
AGUACAYO > Mizata;390427;AGUACAYO;172.17.8.74;172.17.8.73;255.255.255.252;
;390423;Mizata;172.17.9.110;172.17.9.106;255.255.255.248;
ANGUIATU > Metap n 1;390720;ANGUIATU;172.17.4.74;172.17.4.73;255.255.255.252;
;#N/D;Metap n 1;172.17.5.62;172.17.5.52;255.255.255.240;
CALIFORNIA > Jucuar n;391211;CALIFORNIA;172.17.36.105;172.17.36.105;255.255.255.252;
;#N/D;Jucuar n;172.17.37.110;172.17.37.101;255.255.255.240;
CENTRO COMERCIAL EL FARO > Vista Mar;390431;CENTRO COMERCIAL EL FARO;172.17.0.162;172.17.0.161;255.255.255.252;
;390403;Vistamar;172.17.1.62;172.17.1.37;255.255.255.224;
COMACARAN > Uluazapa;390620;COMACARAN;172.17.52.210;172.17.52.209;255.255.255.252;
;#N/D;Uluazuapa;172.17.54.22;172.17.54.18;255.255.255.248;
EL AMATILLO > Pasaquina;391422;EL AMATILLO;172.17.36.110;172.17.36.109;255.255.255.252;
;391404;Pasaquina;172.17.37.30;172.17.37.20;255.255.255.240;
FRONTERA SAN CRISTOBAL > Cerro La Cruz;390725;FRONTERA SAN CRISTOBAL;172.17.4.78;172.17.4.77;255.255.255.252;
;390726;Cerro La Cruz;172.17.5.118;172.17.5.114;255.255.255.248;
San Juan àpico > Arenera;#N/D;San Juan àpico;172.17.1.94;172.17.1.89;255.255.255.248;
San Juan àpico > Arenera;390408;Arenera;172.16.1.254;172.16.1.30;255.255.255.0;
SAN ALEJO > Pasaquina;391421;SAN ALEJO;172.17.36.114;172.17.36.113;255.255.255.252;
;391404;Pasaquina;172.17.37.30;172.17.37.21;255.255.255.240;
SAN ANTONIO MASAHUAT > Aeropuerto;390217;SAN ANTONIO MASAHUAT;172.17.0.166;172.17.0.165;255.255.255.252;
;390204;Aeropuerto;172.16.1.254;172.16.1.31;255.255.255.0;
SAN LUIS DEL CARMEN > Suchitoto;391014;SAN LUIS DEL CARMEN;172.17.16.202;172.17.16.201;255.255.255.252;
;390301;Suchitoto;172.17.18.158;172.17.18.154;255.255.255.248;
SAN MATIAS > San Juan àpico;390417;SAN MATIAS;172.17.0.170;172.17.0.169;255.255.255.252;
;#N/D;San Juan àpico;172.17.1.94;172.17.1.90;255.255.255.248;
SANTA CATARINA MASAHUAT > Sonsonate 1;390839;SANTA CATARINA MASAHUAT;172.17.8.78;172.17.8.77;255.255.255.252;
;#N/D;Sonsonate 1;172.16.3.254;172.16.3.16;255.255.255.0;
BOLIVAR > Torrecillas;391417;BOLIVAR;172.17.52.214;172.17.52.213;255.255.255.252;
;#N/D;Torrecillas;172.17.53.30;172.17.53.11;255.255.255.224;
NUEVO EDEN DE SAN JUAN > San Luis de la Reina;#N/D;NUEVO EDEN DE SAN JUAN ;172.17.52.218;172.17.52.217;255.255.255.252;
;#N/D; San Luis de la Reina;172.17.53.250;172.17.53.250;255.255.255.240;
SAN JOSE GUAYABAL > Tonacatepeque;390311;SAN JOSE GUAYABAL;172.17.24.18;172.17.24.17;255.255.255.252;
;391571;Tonacatepeque;172.17.25.14;172.17.25.2;255.255.255.240;
SAN JOSE LAS FLORES (SS) > Tonacatepeque;#N/D;SAN JOSE LAS FLORES (SS);172.17.24.22;172.17.24.21;255.255.255.252;
;391571;Tonacatepeque;172.17.25.14;172.17.25.3;255.255.255.240;
Juacuar n 2 > El Tr nsito;#N/D;Juacuar n 2;172.17.36.42;172.17.36.41;255.255.255.252;
Mizata > Acajutla;#N/D;El Tr nsito;172.16.10.254;172.16.10.10;255.255.255.0;
El Tr nsito 3 > El Tr nsito;#N/D;El Tr nsito 3;172.17.36.118;172.17.36.117;255.255.255.252;
;#N/D; El Tr nsito;172.16.10.254;172.16.10.19;255.255.255.0;
Anamor¢s > Pasaquina;#N/D;Anamor¢s;172.17.37.46;172.17.37.41;255.255.255.248;
;391404;Pasaquina;172.17.37.30;172.17.37.22;255.255.255.240;
Agua Escondida Yologual  >  Pasaquina;391437;Agua Escondida Yologual;172.17.36.122;172.17.36.121;255.255.255.252;
;391404;Pasaquina;172.17.37.30;172.17.37.23;255.255.255.240;
Gueripe > Concepci¢n de oriente;391443;Gueripe;172.17.36.126;172.17.36.125;255.255.255.252;
;391416;Concepcion de Oriente;172.17.37.54;172.17.37.50;255.255.255.248;
El Sauce > Nueva Eparta Repetidor;391424;El Sauce;172.17.52.222;172.17.52.221;255.255.255.252;
;#N/D;Nueva Esparta Repetidor;172.17.53.222;172.17.53.197;255.255.255.224;
Barra de Santiago > Apaneca;390905;Barra de Santiago;172.17.9.118;172.17.9.113;255.255.255.248;
;#N/D;Apaneca;172.17.9.62;172.17.9.5;255.255.255.192;
Guayapa Abajo (Buena Vista) > Barra de Santiago;#N/D;Guayapa Abajo (Buena Vista);172.17.8.82;172.17.8.81;255.255.255.252;
;390905;Barra de Santiago;172.17.9.118;172.17.9.114;255.255.255.248;
San Pedro Arenales > Usulut n;391245;San Pedro Arenales;172.17.28.94;172.17.28.93;255.255.255.252;
;#N/D;Usulut n;172.16.8.254;172.16.8.22;255.255.255.0;
Huiz£car > El Chulo;#N/D;Huiz£car;172.17.0.174;172.17.0.173;255.255.255.252;
;391551;El Chulo;172.16.1.254;172.16.1.3;255.255.255.0;
Neumol¢gico > El Chulo;#N/D;Neumol¢gico;172.17.0.178;172.17.0.177;255.255.255.252;
;391551;El Chulo;172.16.1.254;172.16.1.32;255.255.255.0;
Santo Tom s > El Chulo;#N/D;Santo Tom s;172.17.0.182;172.17.0.181;255.255.255.252;
;391551;El Chulo;172.16.1.254;172.16.1.33;255.255.255.0;
Tonala > Acajutla;390842;Tonala;172.17.8.86;172.17.8.85;255.255.255.252;
;390803;Acajutla;172.16.3.254;172.16.3.17;255.255.255.0;
Intipuca 2 > El Tamarindo ;391425;Intipuca 2;172.17.36.134;172.17.36.133;255.255.255.252;
;391405;El Tamarindo;172.17.37.94;172.17.37.86;255.255.255.240;
San Jacinto > Mariona;391522;San Jacinto;172.17.1.110;172.17.1.98;255.255.255.240;
;391567;Mariona;172.16.1.254;172.16.1.34;255.255.255.0;
Iglesia Morm¢n > Cytec;#N/D;Iglesia Morm¢n;172.17.20.10;172.17.20.9;255.255.255.252;
;391502;Cytec;172.17.21.14;172.17.21.9;255.255.255.248;
Las Chacas > Cerro Conchagua;#N/D;Las Chacas ;172.17.36.130;172.17.36.129;255.255.255.252;
;391458;Cerro Conchagua;172.16.10.254;172.16.10.20;255.255.255.0;
Ilobasco > Cojutepeque;390501;Ilobasco;172.17.18.174;172.17.18.161;255.255.255.240;
;390302;Cojutepeque;172.16.5.254;172.16.5.20;255.255.255.0;
Cojutepeque 2 > Cojutepeque ;390309;Cojutepeque 2;172.17.16.206;172.17.16.205;255.255.255.252;
;#N/D;Cojutepeque ;172.16.5.254;172.16.5.21;255.255.255.0;
San Sebastian Cerr¢n Grande > Potonico Repetidor;#N/D;San Sebastian Cerr¢n Grande;172.17.16.210;172.17.16.209;255.255.255.252;
;#N/D;Potonico Repetidor;172.17.18.38;172.17.18.35;255.255.255.248;
Ilobasco 2 > Ilobasco;390508;Ilobasco 2;172.17.16.214;172.17.16.213;255.255.255.252;
;390501;Ilobasco;172.17.18.174;172.17.18.162;255.255.255.240;
Ilobasco 3 > Ilobasco ;390509;Ilobasco 3;172.17.16.218;172.17.16.217;255.255.255.252;
;390501;Ilobasco;172.17.18.174;172.17.18.163;255.255.255.240;
Juay£a > Apaneca;#N/D;Juay£a;172.17.9.126;172.17.9.121;255.255.255.248;
Juay£a > Apaneca;#N/D;Apaneca;172.17.9.62;172.17.9.6;255.255.255.192;
Concepci¢n de Ataco  > Apaneca;#N/D;Concepci¢n de Ataco;172.17.8.90;172.17.8.89;255.255.255.252;
Concepci¢n de Ataco  > Apaneca;#N/D;Apaneca;172.17.9.62;172.17.9.7;255.255.255.192;
Desv¡o la majada > Cerro Apaneca;#N/D;Desv¡o la majada;172.17.8.94;172.17.8.93;255.255.255.252;
Desv¡o la majada > Cerro Apaneca;#N/D;Apaneca;172.17.9.62;172.17.9.8;255.255.255.192;
El Canelo > Cerro Apaneca;390833;El Canelo;172.17.8.98;172.17.8.97;255.255.255.252;
El Canelo > Cerro Apaneca;#N/D;Apaneca;172.17.9.62;172.17.9.9;255.255.255.192;
Barra de Santiago 2 > Cerro Apaneca;390927;Barra de Santiago 2;172.17.8.102;172.17.8.101;255.255.255.252;
Barra de Santiago 2 > Cerro Apaneca;#N/D;Apaneca;172.17.9.62;172.17.9.10;255.255.255.192;
San Pedro Puxtla > Cerro Apaneca;390936;San Pedro Puxtla;172.17.8.106;172.17.8.105;255.255.255.252;
San Pedro Puxtla > Cerro Apaneca;#N/D;Apaneca;172.17.9.62;172.17.9.11;255.255.255.192;
Jujutla > Apaneca;390907;Jujutla;172.17.8.110;172.17.8.109;255.255.255.252;
Jujutla > Apaneca;#N/D;Apaneca;172.17.9.62;172.17.9.12;255.255.255.192;
La Hachadura > Garita Palmera;390915;La Hachadura;172.17.8.130;172.17.8.129;255.255.255.252;
La Hachadura > Garita Palmera;390903;Garita Palmera;172.17.9.94;172.17.9.68;255.255.255.224;
Guisnay > Garita Palmera;390937;Guisnay;172.17.8.134;172.17.8.133;255.255.255.252;
Guisnay > Garita Palmera;390903;Garita Palmera;172.17.9.94;172.17.9.69;255.255.255.224;
San Antonio del Monte > Sonsonate  1;390811;San Antonio del Monte;172.17.8.114;172.17.8.113;255.255.255.252;
;#N/D;Sonsonate 1;172.16.3.254;172.16.3.18;255.255.255.0;
San Antonio del Monte 2 > Sonsonate 1;390826;San Antonio del Monte 2;172.17.8.118;172.17.8.117;255.255.255.252;
;#N/D;Sonsonate 1;172.16.3.254;172.16.3.19;255.255.255.0;
Sonzacate > Sonsonate 1;390828;Sonzacate;172.17.8.122;172.17.8.121;255.255.255.252;
;#N/D;Sonsonate 1;172.16.3.254;172.16.3.20;255.255.255.0;
Nahuizalco > Sonsonate 1;390810;Nahuizalco;172.17.8.126;172.17.8.125;255.255.255.252;
;#N/D;Sonsonate 1;172.16.3.254;172.16.3.21;255.255.255.0;
Cerro Apaneca > Sonsonate 1;#N/D;Cerro Apaneca ;172.17.9.62;172.17.9.1;255.255.255.192;
;#N/D;Sonsonate 1;172.16.3.254;172.16.3.22;255.255.255.0;
San Lorenzo Ahuachap n > Atiquizaya;#N/D;San Lorenzo Ahuachap n;172.17.8.154;172.17.8.153;255.255.255.252;
;390906;Atiquizaya;172.16.3.254;172.16.3.27;255.255.255.0;
Ahuachap n 2 > Ahuachap n;#N/D;Ahuachap n 2;172.17.8.138;172.17.8.137;255.255.255.252;
;#N/D;Ahuachap n;172.16.3.254;172.16.3.23;255.255.255.0;
Geotermica Ahuachap n > Ahuachap n;#N/D;Geotermica Ahuachap n;172.17.8.142;172.17.8.141;255.255.255.252;
;#N/D;Ahuachap n;172.16.3.254;172.16.3.24;255.255.255.0;
Ahuachap n 4 > Ahuachap n;#N/D;Ahuachap n 4;172.17.8.146;172.17.8.145;255.255.255.252;
;#N/D;Ahuachap n;172.16.3.254;172.16.3.25;255.255.255.0;
Tacuba > Ahuachap n;#N/D;Tacuba;172.17.8.150;172.17.8.149;255.255.255.252;
;#N/D;Ahuachap n;172.16.3.254;172.16.3.26;255.255.255.0;
El Porvenir > Chalchuapa;390738;El Porvenir;172.17.12.26;172.17.12.25;255.255.255.252;
;390709;Chalchuapa;172.16.4.254;172.16.4.7;255.255.255.0;
El coco > Chalchuapa;390737;El coco;172.17.12.30;172.17.12.29;255.255.255.252;
;390709;Chalchuapa;172.16.4.254;172.16.4.8;255.255.255.0;
San Sebasti n Salitrillo 2 > Chalchuapa;#N/D;San Sebasti n Salitrillo 2;172.17.12.34;172.17.12.33;255.255.255.252;
;390709;Chalchuapa;172.16.4.254;172.16.4.9;255.255.255.0;
San Cristobal > El Faro;390708;San Cristobal;172.17.5.110;172.17.5.105;255.255.255.248;
;390703;El Faro;172.16.2.254;172.16.2.21;255.255.255.0;
Candelaria Frontera 2 > El Faro;#N/D;Candelaria Frontera 2;172.17.4.82;172.17.4.81;255.255.255.252;
;390703;El Faro;172.16.2.254;172.16.2.22;255.255.255.0;
Ciudad Para¡so > El Faro;#N/D;Ciudad Para¡so;172.17.4.86;172.17.4.85;255.255.255.252;
;390703;El Faro;172.16.2.254;172.16.2.23;255.255.255.0;
Santa Ana 5 > San Cristobal;#N/D;Santa Ana 5;172.17.4.90;172.17.4.89;255.255.255.252;
;390708;San Cristobal;172.17.5.110;172.17.5.106;255.255.255.248;
San Cristobal El Porvenir > Candelaria de la Frontera;390739;San Cristobal El Porvenir;172.17.4.94;172.17.4.93;255.255.255.252;
;390707;Candelaria de la Frontera;172.17.5.94;172.17.5.83;255.255.255.240;
Aldea Bola¤os > Candelaria de la Frontera;#N/D;Aldea Bola¤os;172.17.4.98;172.17.4.97;255.255.255.252;
;390707;Candelaria de la Frontera;172.17.5.94;172.17.5.84;255.255.255.240;
San Jos La Majada > Juay£a;#N/D;San Jos La Majada;172.17.8.158;172.17.8.157;255.255.255.252;
;#N/D;Juay£a;172.17.9.126;172.17.9.122;255.255.255.248;
Salida los Naranjos > Santa Ana 1;#N/D;Salida los Naranjos;172.17.12.38;172.17.12.37;255.255.255.252;
;#N/D;Santa Ana 1;172.16.4.254;172.16.4.10;255.255.255.0;
La Ponderosa Santa Ana > Santa Ana 1;#N/D;La Ponderosa Santa Ana ;172.17.12.42;172.17.12.41;255.255.255.252;
;#N/D;Santa Ana 1;172.16.4.254;172.16.4.11;255.255.255.0;
Izalco Norte > Izalco;390825;Izalco Norte;172.17.8.162;172.17.8.161;255.255.255.252;
;390806;Izalco;172.17.9.102;172.17.9.98;255.255.255.248;
Canton Sta Rosa > Ciudad Arce;#N/D;Canton Sta Rosa;172.17.0.190;172.17.0.189;255.255.255.252;
;390409;Ciudad Arce;172.16.1.254;172.16.1.36;255.255.255.0;
Armenia > Arenera;390808;Armenia;172.17.1.118;172.17.1.113;255.255.255.248;
;390408;Arenera;172.16.1.254;172.16.1.37;255.255.255.0;
Nejapa > Quezaltepeque;390407;Nejapa;172.17.0.194;172.17.0.193;255.255.255.252;
;390405;Quezaltepeque;172.16.1.254;172.16.1.38;255.255.255.0;
Boquer¢n 5 > Quezaltepeque;#N/D;Boquer¢n 5;172.17.0.198;172.17.0.197;255.255.255.252;
;390405;Quezaltepeque;172.16.1.254;172.16.1.39;255.255.255.0;
Caballer¡a > Arenera;#N/D;Caballer¡a;172.17.0.202;172.17.0.201;255.255.255.252;
;390408;Arenera;172.16.1.254;172.16.1.40;255.255.255.0;
Coatepeque 2 > Arenera;#N/D;Coatepeque 2;172.17.1.70;172.17.1.65;255.255.255.248;
;390408;Arenera;172.16.1.254;172.16.1.41;255.255.255.0;
Los Pinos > Arenera;390745;Los Pinos;172.17.0.206;172.17.0.205;255.255.255.252;
;390408;Arenera;172.16.1.254;172.16.1.42;255.255.255.0;
Talnique Pueblo > Ateos;390461;Talnique Pueblo;172.17.0.186;172.17.0.185;255.255.255.252;
;390410;Ateos;172.16.1.254;172.16.1.35;255.255.255.0;
San Isidro izalco > Armenia;390831;San Isidro izalco;172.17.0.210;172.17.0.209;255.255.255.252;
;390808;Armenia;172.17.1.118;172.17.1.114;255.255.255.248;
Tepecoyo > Arenera;390452;Tepecoyo;172.17.0.214;172.17.0.213;255.255.255.252;
;#N/D; Arenera;172.16.1.254;172.16.1.44;255.255.255.0;
Costa Azul > Acajutla;390805;Costa Azul;172.17.8.54;172.17.8.53;255.255.255.252;
;390803;Acajutla;172.16.3.254;172.16.3.28;255.255.255.0;
Moropala > Usulut n;390641;Moropala;172.17.28.98;172.17.28.97;255.255.255.252;
;#N/D;Usulut n;172.16.8.254;172.16.8.23;255.255.255.0;
Hacienda Santo Tom s > Aeropuerto;#N/D;Hacienda Santo Tom s;172.17.0.218;172.17.0.217;255.255.255.252;
;390204;Aeropuerto;172.16.1.254;172.16.1.45;255.255.255.0;
TIHUILOCOYO > Aeropuerto;390243;TIHUILOCOYO;172.17.0.222;172.17.0.221;255.255.255.252;
;390204;Aeropuerto;172.16.1.254;172.16.1.46;255.255.255.0;
Cangrejera 2 > Aeropuerto;#N/D;Cangrejera 2 ;172.17.0.226;172.17.0.225;255.255.255.252;
;390204;Aeropuerto;172.16.1.254;172.16.1.47;255.255.255.0;
Costa del sol 1 > Comalapa;#N/D;Costa del sol 1;172.17.1.134;172.17.1.121;255.255.255.240;
;390205;Comalapa;172.16.1.254;172.16.1.48;255.255.255.0;
San Luis Talpa > Comalapa;390241;San Luis Talpa;172.17.0.230;172.17.0.229;255.255.255.252;
;390205;Comalapa;172.16.1.254;172.16.1.49;255.255.255.0;
Amatecampo (La Zunganera) > Comalapa;#N/D;Amatecampo (La Zunganera;172.17.0.234;172.17.0.233;255.255.255.252;
;390205;Comalapa;172.16.1.254;172.16.1.50;255.255.255.0;
Boquer¢n 3 > Los Naranjos;#N/D;Boquer¢n 3;172.17.0.254;172.17.0.253;255.255.255.252;
;391530;Los Naranjos;172.16.1.254;172.16.1.55;255.255.255.0;
Agua Caliente 2 > Trigalito;391037;Agua Caliente 2;172.17.16.222;172.17.16.221;255.255.255.252;
;391047;el Trigalito;172.17.18.150;172.17.18.148;255.255.255.248;
Cital  > Miramundo;391010;Citala;172.17.4.102;172.17.4.101;255.255.255.252;
;391026;Miramundo;172.16.2.254;172.16.2.26;255.255.255.0;
Tilapa > Miramundo ;391036;Tilapa;172.17.4.106;172.17.4.105;255.255.255.252;
;391026;Miramundo;172.16.2.254;172.16.2.27;255.255.255.0;
Miramundo > Cerro Pacho;391026;Miramundo;172.16.2.254;172.16.2.25;255.255.255.0;
;391043;Cerro Pacho;172.16.2.254;172.16.2.24;255.255.255.0;
San Jorge > Usulut n;#N/D;San Jorge ;172.17.28.102;172.17.28.101;255.255.255.252;
;391201;USULUTAN;172.16.8.254;172.16.8.24;255.255.255.0;
Usulut n 2 > Usulutan ;391207;Usulutan ii;172.17.28.106;172.17.28.105;255.255.255.252;
;391201;Usulutan;172.16.8.254;172.16.8.25;255.255.255.0;
Mirex > Sisa;#N/D;Mirex;172.17.0.250;172.17.0.249;255.255.255.252;
;391501;Sisa;172.16.1.254;172.16.1.54;255.255.255.0;
La Hacienda > Zaragoza;390425;La Hacienda;172.17.0.242;172.17.0.241;255.255.255.252;
;390413;Zaragoza;172.16.1.254;172.16.1.52;255.255.255.0;
Comasagua > Zaragoza;390450;Comasagua;172.17.0.246;172.17.0.245;255.255.255.252;
;390413;Zaragoza;172.16.1.254;172.16.1.53;255.255.255.0;
Holcim > Laguna Metap n;#N/D;Holcim;172.17.4.110;172.17.4.109;255.255.255.252;
;#N/D;Laguna de Metap n;172.17.5.70;172.17.5.66;255.255.255.248;
San Diego > Vistamar;390404;San Diego;172.17.2.2;172.17.2.1;255.255.255.252;
;390403;Vistamar;172.17.1.62;172.17.1.38;255.255.255.224;
El Tunco > Vistamar;390429;El Tunco;172.17.2.6;172.17.2.5;255.255.255.252;
;390403;Vistamar;172.17.1.62;172.17.1.39;255.255.255.224;
Puerto de la Libertad > Vistamar;#N/D;Puerto de la Libertad;172.17.2.10;172.17.2.9;255.255.255.252;
;390403;Vistamar;172.17.1.62;172.17.1.40;255.255.255.224;
San Francisco Chinameca > El Chulo 2;390240;San Francisco Chinameca;172.17.2.14;172.17.2.13;255.255.255.252;
;#N/D;El Chulo 2;172.16.1.254;172.16.1.56;255.255.255.0;
Distrito Italia > Apopa;#N/D;Distrito Italia;172.17.2.18;172.17.2.17;255.255.255.252;
;#N/D;Apopa 1;172.16.1.254;172.16.1.57;255.255.255.0;
Carretera de Oro > Apopa;391673;Carretera de Oro;172.17.2.22;172.17.2.21;255.255.255.252;
;391569;Apopa;172.16.1.254;172.16.1.58;255.255.255.0;
Gualache > Santiago de Mar¡a;391227;Gualache;172.17.52.134;172.17.52.133;255.255.255.252;
;#N/D;Santiago de Mar¡a;;;;
El Platanar Chapeltique > El sitio;390637;El Platanar Chapeltique;172.17.52.226;172.17.52.225;255.255.255.252;
;390606;El sitio;172.16.14.254;172.16.14.6;255.255.255.0;
Moncagua 2 >  El sitio;390638;Moncagua 2;172.17.52.230;172.17.52.229;255.255.255.252;
;390606;El sitio;172.16.14.254;172.16.14.7;255.255.255.0;
Quelepa 2 > San Miguel 1;390639;Quelepa 2;172.17.56.14;172.17.56.13;255.255.255.252;
;390601;San Miguel I;172.16.15.254;172.16.15.4;255.255.255.0;
San Miguel 6 > San Miguel 1;390625;San Miguel 6;172.17.56.18;172.17.56.17;255.255.255.252;
;390601;San Miguel I;172.16.15.254;172.16.15.5;255.255.255.0;
Tecomatal > San Miguel 3;390615;Tecomatal;172.17.56.22;172.17.56.21;255.255.255.252;
;390603;San Miguel III;172.16.15.254;172.16.15.6;255.255.255.0;
Aramuaca > San Miguel 3;390635;Aramuaca;172.17.56.26;172.17.56.25;255.255.255.252;
;390603;San Miguel III;172.16.15.254;172.16.15.7;255.255.255.0;
El Capul¡n > El Delirio;390647;EL CAPULIN;172.17.36.46;172.17.36.45;255.255.255.252;
;390610;El Delirio;172.16.10.254;172.16.10.21;255.255.255.0;
Olomega > El Delirio;391449;Olomega;172.17.36.62;172.17.36.61;255.255.255.252;
;390610;El Delirio;172.16.10.254;172.16.10.22;255.255.255.0;
;#N/D;;;;;
;#N/D;;;;;
Costa del sol 3 > Zacatecoluca;390208;COSTA DEL SOL III;172.17.29.30;172.17.29.1;255.255.255.240;
;390201;Zacatecoluca;172.16.8.254;172.16.8.26;255.255.255.0;
La Palma SRO > Zacatecoluca;390237;La Palma SRO;172.17.28.110;172.17.28.109;255.255.255.252;
;390201;Zacatecoluca;172.16.8.254;172.16.8.27;255.255.255.0;
Entre R¡os > Zacatecoluca;390231;ENTRE RIOS;172.17.28.114;172.17.28.113;255.255.255.252;
;390201;ZACATECOLUCA;172.16.8.254;172.16.8.28;255.255.255.0;
SAN CARLOS LEMPA > Zacatecoluca;391122;SAN CARLOS LEMPA;172.17.28.118;172.17.28.117;255.255.255.252;
;390201;ZACATECOLUCA;172.16.8.254;172.16.8.29;255.255.255.0;
Los Lagartos 2  > San Juli n;#N/D;LOS LAGARTOS 2;172.17.8.170;172.17.8.169;255.255.255.252;
;390807;SAN JULIAN;172.16.3.254;172.16.3.32;255.255.255.0;
Costa Real > Costa del sol 1;390236;COSTA REAL;172.17.2.26;172.17.2.25;255.255.255.252;
;390210;COSTA DEL SOL I;172.17.1.134;172.17.1.122;255.255.255.240;
Costa del sol 4 > Costa del sol 1;390220;COSTA DEL SOL 4;172.17.2.30;172.17.2.29;255.255.255.252;
;390210;COSTA DEL SOL I;172.17.1.134;172.17.1.123;255.255.255.240;
San Mart¡n 3 > San Mart¡n;391680;SAN MARTIN 3;172.17.24.2;172.17.24.1;255.255.255.252;
;391554;SAN MARTIN;172.16.7.254;172.16.7.2;255.255.255.0;
Tecoluco > San Mart¡n;390315;TECOLUCO;172.17.24.10;172.17.24.9;255.255.255.252;
;391554;SAN MARTIN;172.16.7.254;172.16.7.5;255.255.255.0;
Oratorio de Concepci¢n 2 > San Mart¡n;390314;ORATORIO DE CONCEPCION 2;172.17.24.26;172.17.24.25;255.255.255.252;
;391554;SAN MARTIN;172.16.7.254;172.16.7.7;255.255.255.0;
Perulap n > San Mart¡n;390316;PERULAPAN;172.17.24.30;172.17.24.29;255.255.255.252;
;391554;SAN MARTIN;172.16.7.254;172.16.7.8;255.255.255.0;
Didea Centro;391544;La Cima 4;172.17.20.18;172.17.20.17;255.255.255.252;
;391537;Didea Centro;172,16.6.35;172,16.6.34;255.255.255.240;
Jucuaran  2;391243;jucuaran 2;172.17.36.41;;;By Rivas
;No encontrado;;;;;

